circuit,qubits,run_time_mean_baseline,backend_baseline,run_time_mean_quasar,backend_quasar,speedup,baseline_backend,quasar_backend
ghz_ladder,20,0.00014931366604287177,TABLEAU,7.057233354620014e-05,TABLEAU,2.1157535614877134,Tableau,Tableau
ghz_ladder,24,8.750966420241942e-05,TABLEAU,7.594899943796918e-05,TABLEAU,1.1522161562364273,Tableau,Tableau
ghz_ladder,28,0.00011403499714409311,TABLEAU,8.688499898804973e-05,TABLEAU,1.3124819988750605,Tableau,Tableau
grover,3,0.0005520883350982331,DECISION_DIAGRAM,0.0030503353336825967,MPS,0.18099266956059878,DD,MPS
grover,4,0.0010201973321575981,DECISION_DIAGRAM,0.005571886666681773,MPS,0.1830972870029958,DD,MPS
qft,3,2.477000089129433e-05,TABLEAU,2.3464335148067523e-05,TABLEAU,1.0556446937442563,Tableau,Tableau
qft,4,2.461300027789548e-05,TABLEAU,2.375533222220838e-05,TABLEAU,1.03610423325864,Tableau,Tableau
random_clifford_t,20,0.06218458833124411,STATEVECTOR,0.061022408001008444,STATEVECTOR,1.019045140437861,Statevector,Statevector
random_clifford_t,24,0.10258412933520351,MPS,0.7937175086675173,STATEVECTOR,0.1292451384969703,MPS,Statevector
