circuit,qubits,run_time_mean_baseline,backend_baseline,run_time_mean_quasar,backend_quasar,speedup,baseline_backend,quasar_backend
ghz_ladder,20,0.0001493136660428,TABLEAU,7.057233354620014e-05,TABLEAU,2.1157535614866965,Tableau,Tableau
ghz_ladder,24,8.750966420241942e-05,TABLEAU,7.594899943796918e-05,TABLEAU,1.1522161562364273,Tableau,Tableau
grover,3,0.0005520883350982,DECISION_DIAGRAM,0.0030503353336825,MPS,0.18099266956059368,DD,MPS
grover,4,0.0010201973321575,DECISION_DIAGRAM,0.0055718866666817,MPS,0.18309728700298059,DD,MPS
qft,3,2.477000089129433e-05,TABLEAU,2.3464335148067523e-05,TABLEAU,1.0556446937442563,Tableau,Tableau
qft,4,2.461300027789548e-05,TABLEAU,2.375533222220838e-05,TABLEAU,1.03610423325864,Tableau,Tableau
random_clifford_t,20,0.0621845883312441,STATEVECTOR,0.0610224080010084,STATEVECTOR,1.0190451404378618,Statevector,Statevector
random_clifford_t,24,0.1025841293352035,MPS,0.7937175086675173,STATEVECTOR,0.1292451384969703,MPS,Statevector
