label,speedup
12q d19,329.6438150597374
12q d31,781.8141883562993
12q d50,1370.9213404646136
4q d11,38.74791547295142
4q d25,107.84239812501006
4q d43,227.49461493346263
8q d17,142.03584702963096
8q d38,403.86564284344325
8q d50,650.0780063988387
