label,speedup
12q d21,809.4918425602475
12q d33,1966.487162093996
12q d52,3305.193287538172
4q d11,123.33090706266164
4q d25,212.96427226083
4q d43,658.0770371061504
8q d17,456.6986947682803
8q d38,1010.6150969212244
8q d50,1843.7047495646636
