qubits,depth,gates,quick_time,full_time,speedup
4,11,24,0.00016250199951173272,0.020041518999278196,123.33090706266165
4,25,43,0.00028392800049914513,0.060466520000773016,212.96427226083
4,43,76,0.00026338399948144797,0.17332696199991915,658.0770371061504
8,17,51,0.00020497500008787028,0.0936118150002585,456.6986947682803
8,38,106,0.00042286999996576924,0.42735880600048404,1010.6150969212244
8,50,148,0.000480263001009007,0.885463176000485,1843.7047495646634
12,21,86,0.0003517839995765826,0.28476627800046117,809.4918425602475
12,33,161,0.0005229109992797021,1.028297767001277,1966.487162093996
12,52,239,0.0007469119991583284,2.4686885259998235,3305.1932875381717
